{
	"test_data" : {
		"Count_Clicks" : 0,
		"Change_Clicks" : 0
	},
	"download_data" : {
		"Unit_1" : {
			"Ch_5" : {
				"5.1" : 0,
				"5.2" : 0,
				"5.3" : 0,
				"5.4" : 0,
				"5.5" : 0
			},
			"Ch_6" : {
				"6.1" : 0,
				"6.2" : 0,
				"6.3" : 0,
				"6.4" : 0,
				"6.5" : 0,
				"6.6" : 0,
				"6.7" : 0
			},
			"Ch_7" : {
				"7.1/7.2" : 0,
				"7.3" : 0,
				"7.4" : 0,
				"7.5" : 0
			}
		},
		"Unit_2" : {
			"Ch_9" : {
				"9.1" : 0,
				"9.2" : 0,
				"9.3" : 0,
				"9.4" : 0,
				"9.5" : 0
			},
			"Ch_10" : {
				"10.1" : 0,
				"10.2" : 0,
				"10.3" : 0
			}
		},
		"Unit_3" : {
			"Ch_12" : {
				"12.1" : 0,
				"12.2" : 0,
				"12.3" : 0
			},
			"Ch_13" : {
				"13.1" : 0,
				"13.2" : 0,
				"13.3" : 0,
				"13.4" : 0
			},
			"Ch_14" : {
				"14.1" : 0,
				"14.2" : 0,
				"14.3" : 0,
				"14.4" : 0
			}
			
		},
		"Unit_3.5" : {
			"Ch_17" : {
				"17.1" : 0,
				"17.2" : 0,
				"17.3" : 0,
				"17.4" : 0
			}
		}
		"Unit_4" : {
			"Ch_22" : {
				"22.1" : 0,
				"22.2" : 0,
				"22.3" : 0
			},
			"Ch_23" : {
				"23.1" : 0,
				"23.2" : 0,
				"23.3" : 0,
				"23.4" : 0
			}
		},
		"Unit_5" : {
			"Ch_31" : {},
			"Ch_34" : {}
		},
		"Unit_6" : {
			"Ch_41" : {
				"41.1" : 0,
				"41.2" : 0,
				"41.3" : 0
			},
			"Ch_42" : {
				"42.2" : 0,
				"42.3" : 0,
				"42.4" : 0,
				"42.5" : 0,
				"42.6" : 0
			}
		}
	}
}
