{
    "organizedData": {
        ".html": [
            "whaleyogurt.github.io/index.html",
            "whaleyogurt.github.io/BetterSAM/index.html",
            "whaleyogurt.github.io/Pages/AdvancedHonorsBiologyNotes.html",
            "whaleyogurt.github.io/Pages/APCSP_Apps.html",
            "whaleyogurt.github.io/Pages/data.html",
            "whaleyogurt.github.io/Pages/FreeRAM.html",
            "whaleyogurt.github.io/Pages/JS_Test.html",
            "whaleyogurt.github.io/Pages/MaddieHatesSharks.html",
            "whaleyogurt.github.io/Pages/RandomColor.html",
            "whaleyogurt.github.io/Pages/Survey.html",
            "whaleyogurt.github.io/Pages/tabBomb.html",
            "whaleyogurt.github.io/Pages/TestGameDownloads.html",
            "whaleyogurt.github.io/Pages/TestSite.html",
            "whaleyogurt.github.io/Pages/WebsiteTutorial.html"
        ],
        ".md": [
            "whaleyogurt.github.io/README.md",
            "whaleyogurt.github.io/BetterSAM/README.md",
            "whaleyogurt.github.io/BetterSAM/docs/manual.md"
        ],
        ".py": [
            "whaleyogurt.github.io/refreshAPI.py"
        ],
        ".sample": [
            "whaleyogurt.github.io/.git/hooks/applypatch-msg.sample",
            "whaleyogurt.github.io/.git/hooks/commit-msg.sample",
            "whaleyogurt.github.io/.git/hooks/fsmonitor-watchman.sample",
            "whaleyogurt.github.io/.git/hooks/post-update.sample",
            "whaleyogurt.github.io/.git/hooks/pre-applypatch.sample",
            "whaleyogurt.github.io/.git/hooks/pre-commit.sample",
            "whaleyogurt.github.io/.git/hooks/pre-merge-commit.sample",
            "whaleyogurt.github.io/.git/hooks/pre-push.sample",
            "whaleyogurt.github.io/.git/hooks/pre-rebase.sample",
            "whaleyogurt.github.io/.git/hooks/pre-receive.sample",
            "whaleyogurt.github.io/.git/hooks/prepare-commit-msg.sample",
            "whaleyogurt.github.io/.git/hooks/push-to-checkout.sample",
            "whaleyogurt.github.io/.git/hooks/update.sample"
        ],
        ".idx": [
            "whaleyogurt.github.io/.git/objects/pack/pack-5a3236ffe1cbb21546d1ded8a9df26c2ebb85341.idx"
        ],
        ".pack": [
            "whaleyogurt.github.io/.git/objects/pack/pack-5a3236ffe1cbb21546d1ded8a9df26c2ebb85341.pack"
        ],
        ".json": [
            "whaleyogurt.github.io/API/AHBND_Stats.json",
            "whaleyogurt.github.io/API/data.json",
            "whaleyogurt.github.io/API/OA_API_KEYS.json",
            "whaleyogurt.github.io/BetterSAM/package.json",
            "whaleyogurt.github.io/BetterSAM/test/parser/fixtures/parser1-1.json",
            "whaleyogurt.github.io/BetterSAM/test/reciter/fixtures/&.json",
            "whaleyogurt.github.io/BetterSAM/test/reciter/fixtures/'.json",
            "whaleyogurt.github.io/BetterSAM/test/reciter/fixtures/1.json",
            "whaleyogurt.github.io/BetterSAM/test/reciter/fixtures/2.json",
            "whaleyogurt.github.io/BetterSAM/test/reciter/fixtures/3.json",
            "whaleyogurt.github.io/BetterSAM/test/reciter/fixtures/4.json",
            "whaleyogurt.github.io/BetterSAM/test/reciter/fixtures/5.json",
            "whaleyogurt.github.io/BetterSAM/test/reciter/fixtures/6.json",
            "whaleyogurt.github.io/BetterSAM/test/reciter/fixtures/7.json",
            "whaleyogurt.github.io/BetterSAM/test/reciter/fixtures/8.json",
            "whaleyogurt.github.io/BetterSAM/test/reciter/fixtures/9.json",
            "whaleyogurt.github.io/BetterSAM/test/reciter/fixtures/a.json",
            "whaleyogurt.github.io/BetterSAM/test/reciter/fixtures/b.json",
            "whaleyogurt.github.io/BetterSAM/test/reciter/fixtures/c-1.json",
            "whaleyogurt.github.io/BetterSAM/test/reciter/fixtures/c-2.json",
            "whaleyogurt.github.io/BetterSAM/test/reciter/fixtures/d.json",
            "whaleyogurt.github.io/BetterSAM/test/reciter/fixtures/e.json",
            "whaleyogurt.github.io/BetterSAM/test/reciter/fixtures/f.json",
            "whaleyogurt.github.io/BetterSAM/test/reciter/fixtures/g.json",
            "whaleyogurt.github.io/BetterSAM/test/reciter/fixtures/h.json",
            "whaleyogurt.github.io/BetterSAM/test/reciter/fixtures/i.json",
            "whaleyogurt.github.io/BetterSAM/test/reciter/fixtures/j.json",
            "whaleyogurt.github.io/BetterSAM/test/reciter/fixtures/k.json",
            "whaleyogurt.github.io/BetterSAM/test/reciter/fixtures/l.json",
            "whaleyogurt.github.io/BetterSAM/test/reciter/fixtures/m.json",
            "whaleyogurt.github.io/BetterSAM/test/reciter/fixtures/n.json",
            "whaleyogurt.github.io/BetterSAM/test/reciter/fixtures/o.json",
            "whaleyogurt.github.io/BetterSAM/test/reciter/fixtures/p-1.json",
            "whaleyogurt.github.io/BetterSAM/test/reciter/fixtures/p-2.json",
            "whaleyogurt.github.io/BetterSAM/test/reciter/fixtures/q.json",
            "whaleyogurt.github.io/BetterSAM/test/reciter/fixtures/r.json",
            "whaleyogurt.github.io/BetterSAM/test/reciter/fixtures/regression.json",
            "whaleyogurt.github.io/BetterSAM/test/reciter/fixtures/s-1.json",
            "whaleyogurt.github.io/BetterSAM/test/reciter/fixtures/s-2.json",
            "whaleyogurt.github.io/BetterSAM/test/reciter/fixtures/s-3.json",
            "whaleyogurt.github.io/BetterSAM/test/reciter/fixtures/t.json",
            "whaleyogurt.github.io/BetterSAM/test/reciter/fixtures/u.json",
            "whaleyogurt.github.io/BetterSAM/test/reciter/fixtures/v.json",
            "whaleyogurt.github.io/BetterSAM/test/reciter/fixtures/w.json",
            "whaleyogurt.github.io/BetterSAM/test/reciter/fixtures/x.json",
            "whaleyogurt.github.io/BetterSAM/test/reciter/fixtures/y.json",
            "whaleyogurt.github.io/BetterSAM/test/reciter/fixtures/z.json",
            "whaleyogurt.github.io/BetterSAM/test/renderer/fixtures/tests-1.json",
            "whaleyogurt.github.io/Files/Copium.json",
            "whaleyogurt.github.io/Files/data.json"
        ],
        ".txt": [
            "whaleyogurt.github.io/API/CUR_UPDATE.txt",
            "whaleyogurt.github.io/API/TEST_CUR_UPDATE.txt",
            "whaleyogurt.github.io/Files/GameFiles/MissileSim-Raw/READ ME.txt"
        ],
        ".js": [
            "whaleyogurt.github.io/BetterSAM/karma.conf.js",
            "whaleyogurt.github.io/BetterSAM/build/build.js",
            "whaleyogurt.github.io/BetterSAM/build/config.js",
            "whaleyogurt.github.io/BetterSAM/dist/guessnum.common.js",
            "whaleyogurt.github.io/BetterSAM/dist/guessnum.common.min.js",
            "whaleyogurt.github.io/BetterSAM/dist/guessnum.esm.js",
            "whaleyogurt.github.io/BetterSAM/dist/guessnum.esm.min.js",
            "whaleyogurt.github.io/BetterSAM/dist/guessnum.js",
            "whaleyogurt.github.io/BetterSAM/dist/guessnum.min.js",
            "whaleyogurt.github.io/BetterSAM/dist/samjs.common.js",
            "whaleyogurt.github.io/BetterSAM/dist/samjs.common.min.js",
            "whaleyogurt.github.io/BetterSAM/dist/samjs.esm.js",
            "whaleyogurt.github.io/BetterSAM/dist/samjs.esm.min.js",
            "whaleyogurt.github.io/BetterSAM/dist/samjs.js",
            "whaleyogurt.github.io/BetterSAM/dist/samjs.min.js",
            "whaleyogurt.github.io/BetterSAM/test/fixture-reader.js",
            "whaleyogurt.github.io/BetterSAM/test/index.spec.js",
            "whaleyogurt.github.io/BetterSAM/test/minimum-tests.spec.js",
            "whaleyogurt.github.io/BetterSAM/test/parser/parser-c.spec.js",
            "whaleyogurt.github.io/BetterSAM/test/parser/parser-vs-parser-c.spec.js",
            "whaleyogurt.github.io/BetterSAM/test/parser/parser1-testcase.js",
            "whaleyogurt.github.io/BetterSAM/test/parser/parser1.spec.js",
            "whaleyogurt.github.io/BetterSAM/test/reciter/reciter-testcase.js",
            "whaleyogurt.github.io/BetterSAM/test/reciter/regression.spec.js",
            "whaleyogurt.github.io/BetterSAM/test/reciter/tests-1.spec.js",
            "whaleyogurt.github.io/BetterSAM/test/reciter/tests-2.spec.js",
            "whaleyogurt.github.io/BetterSAM/test/reciter/tests-3.spec.js",
            "whaleyogurt.github.io/BetterSAM/test/reciter/tests-4.spec.js",
            "whaleyogurt.github.io/JavaScript/script.js"
        ],
        ".lock": [
            "whaleyogurt.github.io/BetterSAM/yarn.lock"
        ],
        ".map": [
            "whaleyogurt.github.io/BetterSAM/dist/guessnum.common.min.js.map",
            "whaleyogurt.github.io/BetterSAM/dist/guessnum.esm.min.js.map",
            "whaleyogurt.github.io/BetterSAM/dist/guessnum.min.js.map",
            "whaleyogurt.github.io/BetterSAM/dist/samjs.common.min.js.map",
            "whaleyogurt.github.io/BetterSAM/dist/samjs.esm.min.js.map",
            "whaleyogurt.github.io/BetterSAM/dist/samjs.min.js.map"
        ],
        ".pdf": [
            "whaleyogurt.github.io/BetterSAM/docs/sam.pdf"
        ],
        ".BAS": [
            "whaleyogurt.github.io/BetterSAM/docs/downloads/GUESSNUM.BAS"
        ],
        ".jpg": [
            "whaleyogurt.github.io/BetterSAM/docs/img/disk.jpg",
            "whaleyogurt.github.io/BetterSAM/docs/img/dontask.jpg",
            "whaleyogurt.github.io/BetterSAM/docs/img/littlesam.jpg",
            "whaleyogurt.github.io/BetterSAM/docs/img/samcover.jpg",
            "whaleyogurt.github.io/Files/Images/Jaws.jpg"
        ],
        ".es6": [
            "whaleyogurt.github.io/BetterSAM/src/guessnum.es6",
            "whaleyogurt.github.io/BetterSAM/src/index.es6",
            "whaleyogurt.github.io/BetterSAM/src/common/constants.es6",
            "whaleyogurt.github.io/BetterSAM/src/parser/adjust-lengths.es6",
            "whaleyogurt.github.io/BetterSAM/src/parser/constants.es6",
            "whaleyogurt.github.io/BetterSAM/src/parser/copy-stress.es6",
            "whaleyogurt.github.io/BetterSAM/src/parser/insert-breath.es6",
            "whaleyogurt.github.io/BetterSAM/src/parser/parse1.es6",
            "whaleyogurt.github.io/BetterSAM/src/parser/parse2.es6",
            "whaleyogurt.github.io/BetterSAM/src/parser/parser.es6",
            "whaleyogurt.github.io/BetterSAM/src/parser/prolong-plosive-stop-consonants.es6",
            "whaleyogurt.github.io/BetterSAM/src/parser/set-phoneme-length.es6",
            "whaleyogurt.github.io/BetterSAM/src/parser/tables.es6",
            "whaleyogurt.github.io/BetterSAM/src/parser/typehints.es6",
            "whaleyogurt.github.io/BetterSAM/src/parser/util.es6",
            "whaleyogurt.github.io/BetterSAM/src/parser/c-conv/parser.es6",
            "whaleyogurt.github.io/BetterSAM/src/parser/c-conv/tables.es6",
            "whaleyogurt.github.io/BetterSAM/src/reciter/constants.es6",
            "whaleyogurt.github.io/BetterSAM/src/reciter/reciter.es6",
            "whaleyogurt.github.io/BetterSAM/src/reciter/tables.es6",
            "whaleyogurt.github.io/BetterSAM/src/renderer/create-frames.es6",
            "whaleyogurt.github.io/BetterSAM/src/renderer/create-transitions.es6",
            "whaleyogurt.github.io/BetterSAM/src/renderer/output-buffer.es6",
            "whaleyogurt.github.io/BetterSAM/src/renderer/renderer.es6",
            "whaleyogurt.github.io/BetterSAM/src/renderer/set-mouth-throat.es6",
            "whaleyogurt.github.io/BetterSAM/src/renderer/tables.es6",
            "whaleyogurt.github.io/BetterSAM/src/sam/sam.es6",
            "whaleyogurt.github.io/BetterSAM/src/types/Uint16.es6",
            "whaleyogurt.github.io/BetterSAM/src/types/UInt8.es6",
            "whaleyogurt.github.io/BetterSAM/src/util/debug.es6",
            "whaleyogurt.github.io/BetterSAM/src/util/player.es6",
            "whaleyogurt.github.io/BetterSAM/src/util/util.es6",
            "whaleyogurt.github.io/BetterSAM/test/reciter/c-conv/reciter.es6",
            "whaleyogurt.github.io/BetterSAM/test/reciter/c-conv/tables.es6",
            "whaleyogurt.github.io/BetterSAM/test/renderer/c-conv/renderer.es6",
            "whaleyogurt.github.io/BetterSAM/test/renderer/c-conv/tables.es6"
        ],
        ".xlsx": [
            "whaleyogurt.github.io/Files/Heart Rate Data All.xlsx"
        ],
        ".aab": [
            "whaleyogurt.github.io/Files/AppInventor/CeasarCipher/CaesarCipherTemplate.aab",
            "whaleyogurt.github.io/Files/AppInventor/CreateTaskS1/Phone.aab",
            "whaleyogurt.github.io/Files/AppInventor/CreateTaskS2/Ceasar_Cipher_Cracker.aab"
        ],
        ".aia": [
            "whaleyogurt.github.io/Files/AppInventor/CeasarCipher/CaesarCipherTemplate.aia",
            "whaleyogurt.github.io/Files/AppInventor/CreateTaskS1/Phone.aia",
            "whaleyogurt.github.io/Files/AppInventor/CreateTaskS2/Ceasar_Cipher_Cracker.aia"
        ],
        ".apk": [
            "whaleyogurt.github.io/Files/AppInventor/CeasarCipher/CaesarCipherTemplate.apk",
            "whaleyogurt.github.io/Files/AppInventor/CreateTaskS1/Phone.apk",
            "whaleyogurt.github.io/Files/AppInventor/CreateTaskS2/Ceasar_Cipher_Cracker.apk"
        ],
        ".mp3": [
            "whaleyogurt.github.io/Files/AudioFiles/BreakingBadIntro.mp3"
        ],
        ".wav": [
            "whaleyogurt.github.io/Files/AudioFiles/Disclaimer.wav"
        ],
        ".exe": [
            "whaleyogurt.github.io/Files/GameFiles/Basic Calc Lite (x86).exe",
            "whaleyogurt.github.io/Files/GameFiles/MissileSim-Raw/ProgramFiles/main.exe",
            "whaleyogurt.github.io/Files/RawExeFiles/16GB.exe",
            "whaleyogurt.github.io/Files/RawExeFiles/2056GB.exe",
            "whaleyogurt.github.io/Files/RawExeFiles/4GB.exe",
            "whaleyogurt.github.io/Files/RawExeFiles/8GB.exe",
            "whaleyogurt.github.io/Files/RawExeFiles/fah-installer_7.6.21_x86.exe",
            "whaleyogurt.github.io/Files/RawExeFiles/Waltha.exe"
        ],
        ".zip": [
            "whaleyogurt.github.io/Files/GameFiles/MissileSim-ZIP.zip",
            "whaleyogurt.github.io/Files/ZIP/16GB.zip",
            "whaleyogurt.github.io/Files/ZIP/4GB.zip",
            "whaleyogurt.github.io/Files/ZIP/8GB.zip",
            "whaleyogurt.github.io/Notes/Ch 13.3 Notes.zip",
            "whaleyogurt.github.io/Notes/Everything.zip",
            "whaleyogurt.github.io/Notes-Organized/Ch 13/Ch 13.3 Notes.zip",
            "whaleyogurt.github.io/Notes-Organized/Misc/Everything.zip"
        ],
        ".png": [
            "whaleyogurt.github.io/Files/GameFiles/MissileSim-Raw/EXAMPLE-Missile.png",
            "whaleyogurt.github.io/Files/Images/16GB.png",
            "whaleyogurt.github.io/Files/Images/2056GB.png",
            "whaleyogurt.github.io/Files/Images/4GB.png",
            "whaleyogurt.github.io/Files/Images/8GB.png",
            "whaleyogurt.github.io/Files/Images/AvaPlot.png",
            "whaleyogurt.github.io/Files/Images/FREE RAM QR CODE.png",
            "whaleyogurt.github.io/Files/Images/icon.png"
        ],
        ".lnk": [
            "whaleyogurt.github.io/Files/GameFiles/MissileSim-Raw/MissileSim.lnk"
        ],
        ".ico": [
            "whaleyogurt.github.io/Files/GameFiles/MissileSim-Raw/ProgramFiles/AppIcon.ico"
        ],
        ".csv": [
            "whaleyogurt.github.io/Files/GameFiles/MissileSim-Raw/ProgramFiles/data.csv"
        ],
        ".bmp": [
            "whaleyogurt.github.io/Files/Images/Fist Icon.bmp"
        ],
        ".docx": [
            "whaleyogurt.github.io/Notes/Ch 10.1 Notes.docx",
            "whaleyogurt.github.io/Notes/Ch 10.2 Notes.docx",
            "whaleyogurt.github.io/Notes/Ch 12.1 Notes.docx",
            "whaleyogurt.github.io/Notes/Ch 13.1 Notes.docx",
            "whaleyogurt.github.io/Notes/Ch 13.2 Notes.docx",
            "whaleyogurt.github.io/Notes/Ch 13.3 Last.docx",
            "whaleyogurt.github.io/Notes/Ch 13.3 Notes through Slide #31.docx",
            "whaleyogurt.github.io/Notes/Ch 13.3 through Slide 22#.docx",
            "whaleyogurt.github.io/Notes/Ch 13.3 through Slide 22^N.docx",
            "whaleyogurt.github.io/Notes/Ch 13.4 Notes.docx",
            "whaleyogurt.github.io/Notes/Ch 14.1 Notes.docx",
            "whaleyogurt.github.io/Notes/Ch 14.3 Notes.docx",
            "whaleyogurt.github.io/Notes/Ch 14.4 Notes.docx",
            "whaleyogurt.github.io/Notes/Ch 17.1 Notes.docx",
            "whaleyogurt.github.io/Notes/Ch 17.2 Notes.docx",
            "whaleyogurt.github.io/Notes/Ch 17.3 Notes.docx",
            "whaleyogurt.github.io/Notes/Ch 17.4 Notes.docx",
            "whaleyogurt.github.io/Notes/Ch 22.1 Notes.docx",
            "whaleyogurt.github.io/Notes/Ch 22.2 Notes.docx",
            "whaleyogurt.github.io/Notes/Ch 22.3 Notes.docx",
            "whaleyogurt.github.io/Notes/Ch 23.1 Notes.docx",
            "whaleyogurt.github.io/Notes/Ch 23.2 Notes.docx",
            "whaleyogurt.github.io/Notes/Ch 23.3 Notes.docx",
            "whaleyogurt.github.io/Notes/Ch 23.4 Notes.docx",
            "whaleyogurt.github.io/Notes/Ch 41.1 Notes.docx",
            "whaleyogurt.github.io/Notes/Ch 41.2 Notes.docx",
            "whaleyogurt.github.io/Notes/Ch 41.3 Notes.docx",
            "whaleyogurt.github.io/Notes/Ch 42.2 Notes.docx",
            "whaleyogurt.github.io/Notes/Ch 42.3 Notes.docx",
            "whaleyogurt.github.io/Notes/Ch 42.4 Notes.docx",
            "whaleyogurt.github.io/Notes/Ch 42.5 Notes.docx",
            "whaleyogurt.github.io/Notes/Ch 42.6 Notes.docx",
            "whaleyogurt.github.io/Notes/Ch 43.1 Notes.docx",
            "whaleyogurt.github.io/Notes/Ch 43.2 Notes.docx",
            "whaleyogurt.github.io/Notes/Ch 43.3 Notes .docx",
            "whaleyogurt.github.io/Notes/Ch 6.1 Notes.docx",
            "whaleyogurt.github.io/Notes/Ch 6.2 Notes.docx",
            "whaleyogurt.github.io/Notes/Ch 6.3 Notes.docx",
            "whaleyogurt.github.io/Notes/Ch 6.4 Notes.docx",
            "whaleyogurt.github.io/Notes/Ch 6.5 Notes.docx",
            "whaleyogurt.github.io/Notes/Ch 6.6 Notes.docx",
            "whaleyogurt.github.io/Notes/Ch 6.7 Notes.docx",
            "whaleyogurt.github.io/Notes/Ch 7.1 and 7.2 Notes.docx",
            "whaleyogurt.github.io/Notes/Ch 7.3 Notes.docx",
            "whaleyogurt.github.io/Notes/Ch 7.4 Notes.docx",
            "whaleyogurt.github.io/Notes/Ch 7.5 Notes.docx",
            "whaleyogurt.github.io/Notes/Ch 9.1 Notes.docx",
            "whaleyogurt.github.io/Notes/Ch 9.2 Notes.docx",
            "whaleyogurt.github.io/Notes/Ch 9.3 Notes.docx",
            "whaleyogurt.github.io/Notes/Ch 9.4 Notes.docx",
            "whaleyogurt.github.io/Notes/Ch 9.5 Notes.docx",
            "whaleyogurt.github.io/Notes/Vocab Word Bank Semester 1.docx",
            "whaleyogurt.github.io/Notes-Organized/Ch 10/Ch 10.1 Notes.docx",
            "whaleyogurt.github.io/Notes-Organized/Ch 10/Ch 10.2 Notes.docx",
            "whaleyogurt.github.io/Notes-Organized/Ch 12/Ch 12.1 Notes.docx",
            "whaleyogurt.github.io/Notes-Organized/Ch 13/Ch 13.1 Notes.docx",
            "whaleyogurt.github.io/Notes-Organized/Ch 13/Ch 13.2 Notes.docx",
            "whaleyogurt.github.io/Notes-Organized/Ch 13/Ch 13.3 Last.docx",
            "whaleyogurt.github.io/Notes-Organized/Ch 13/Ch 13.3 Notes through Slide #31.docx",
            "whaleyogurt.github.io/Notes-Organized/Ch 13/Ch 13.3 through Slide 22#.docx",
            "whaleyogurt.github.io/Notes-Organized/Ch 13/Ch 13.3 through Slide 22^N.docx",
            "whaleyogurt.github.io/Notes-Organized/Ch 13/Ch 13.4 Notes.docx",
            "whaleyogurt.github.io/Notes-Organized/Ch 14/Ch 14.1 Notes.docx",
            "whaleyogurt.github.io/Notes-Organized/Ch 14/Ch 14.3 Notes.docx",
            "whaleyogurt.github.io/Notes-Organized/Ch 14/Ch 14.4 Notes.docx",
            "whaleyogurt.github.io/Notes-Organized/Ch 17/Ch 17.1 Notes.docx",
            "whaleyogurt.github.io/Notes-Organized/Ch 17/Ch 17.2 Notes.docx",
            "whaleyogurt.github.io/Notes-Organized/Ch 17/Ch 17.3 Notes.docx",
            "whaleyogurt.github.io/Notes-Organized/Ch 17/Ch 17.4 Notes.docx",
            "whaleyogurt.github.io/Notes-Organized/Ch 22/Ch 22.1 Notes.docx",
            "whaleyogurt.github.io/Notes-Organized/Ch 22/Ch 22.2 Notes.docx",
            "whaleyogurt.github.io/Notes-Organized/Ch 22/Ch 22.3 Notes.docx",
            "whaleyogurt.github.io/Notes-Organized/Ch 22/Ch 23.1 Notes.docx",
            "whaleyogurt.github.io/Notes-Organized/Ch 22/Ch 23.2 Notes.docx",
            "whaleyogurt.github.io/Notes-Organized/Ch 22/Ch 23.3 Notes.docx",
            "whaleyogurt.github.io/Notes-Organized/Ch 22/Ch 23.4 Notes.docx",
            "whaleyogurt.github.io/Notes-Organized/Ch 41/Ch 41.1 Notes.docx",
            "whaleyogurt.github.io/Notes-Organized/Ch 41/Ch 41.2 Notes.docx",
            "whaleyogurt.github.io/Notes-Organized/Ch 41/Ch 41.3 Notes.docx",
            "whaleyogurt.github.io/Notes-Organized/Ch 42/Ch 42.2 Notes.docx",
            "whaleyogurt.github.io/Notes-Organized/Ch 42/Ch 42.3 Notes.docx",
            "whaleyogurt.github.io/Notes-Organized/Ch 42/Ch 42.4 Notes.docx",
            "whaleyogurt.github.io/Notes-Organized/Ch 42/Ch 42.5 Notes.docx",
            "whaleyogurt.github.io/Notes-Organized/Ch 42/Ch 42.6 Notes.docx",
            "whaleyogurt.github.io/Notes-Organized/Ch 43/Ch 43.1 Notes.docx",
            "whaleyogurt.github.io/Notes-Organized/Ch 43/Ch 43.2 Notes.docx",
            "whaleyogurt.github.io/Notes-Organized/Ch 43/Ch 43.3 Notes .docx",
            "whaleyogurt.github.io/Notes-Organized/Ch 45/Ch 45.1 Notes.docx",
            "whaleyogurt.github.io/Notes-Organized/Ch 45/Ch 45.2 Notes.docx",
            "whaleyogurt.github.io/Notes-Organized/Ch 45/Ch 45.3 Notes.docx",
            "whaleyogurt.github.io/Notes-Organized/Ch 46/Ch 46.1 Notes.docx",
            "whaleyogurt.github.io/Notes-Organized/Ch 46/Ch 46.2 Notes.docx",
            "whaleyogurt.github.io/Notes-Organized/Ch 46/Ch 46.3 Notes.docx",
            "whaleyogurt.github.io/Notes-Organized/Ch 6/Ch 6.1 Notes.docx",
            "whaleyogurt.github.io/Notes-Organized/Ch 6/Ch 6.2 Notes.docx",
            "whaleyogurt.github.io/Notes-Organized/Ch 6/Ch 6.3 Notes.docx",
            "whaleyogurt.github.io/Notes-Organized/Ch 6/Ch 6.4 Notes.docx",
            "whaleyogurt.github.io/Notes-Organized/Ch 6/Ch 6.5 Notes.docx",
            "whaleyogurt.github.io/Notes-Organized/Ch 6/Ch 6.6 Notes.docx",
            "whaleyogurt.github.io/Notes-Organized/Ch 6/Ch 6.7 Notes.docx",
            "whaleyogurt.github.io/Notes-Organized/Ch 7/Ch 7.1 and 7.2 Notes.docx",
            "whaleyogurt.github.io/Notes-Organized/Ch 7/Ch 7.3 Notes.docx",
            "whaleyogurt.github.io/Notes-Organized/Ch 7/Ch 7.4 Notes.docx",
            "whaleyogurt.github.io/Notes-Organized/Ch 7/Ch 7.5 Notes.docx",
            "whaleyogurt.github.io/Notes-Organized/Ch 9/Ch 9.1 Notes.docx",
            "whaleyogurt.github.io/Notes-Organized/Ch 9/Ch 9.2 Notes.docx",
            "whaleyogurt.github.io/Notes-Organized/Ch 9/Ch 9.3 Notes.docx",
            "whaleyogurt.github.io/Notes-Organized/Ch 9/Ch 9.4 Notes.docx",
            "whaleyogurt.github.io/Notes-Organized/Ch 9/Ch 9.5 Notes.docx",
            "whaleyogurt.github.io/Notes-Organized/Misc/Bio Notes Template.docx",
            "whaleyogurt.github.io/Notes-Organized/Misc/Vocab Word Bank Semester 1.docx"
        ],
        ".css": [
            "whaleyogurt.github.io/Pages/CSS/style.css",
            "whaleyogurt.github.io/Pages/CSS/table.css"
        ]
    },
    "rawData": [
        "whaleyogurt.github.io/index.html",
        "whaleyogurt.github.io/README.md",
        "whaleyogurt.github.io/refreshAPI.py",
        "whaleyogurt.github.io/API/AHBND_Stats.json",
        "whaleyogurt.github.io/API/CUR_UPDATE.txt",
        "whaleyogurt.github.io/API/data.json",
        "whaleyogurt.github.io/API/OA_API_KEYS.json",
        "whaleyogurt.github.io/API/TEST_CUR_UPDATE.txt",
        "whaleyogurt.github.io/BetterSAM/index.html",
        "whaleyogurt.github.io/BetterSAM/karma.conf.js",
        "whaleyogurt.github.io/BetterSAM/LICENSE",
        "whaleyogurt.github.io/BetterSAM/package.json",
        "whaleyogurt.github.io/BetterSAM/README.md",
        "whaleyogurt.github.io/BetterSAM/yarn.lock",
        "whaleyogurt.github.io/BetterSAM/build/build.js",
        "whaleyogurt.github.io/BetterSAM/build/config.js",
        "whaleyogurt.github.io/BetterSAM/dist/guessnum.common.js",
        "whaleyogurt.github.io/BetterSAM/dist/guessnum.common.min.js",
        "whaleyogurt.github.io/BetterSAM/dist/guessnum.common.min.js.map",
        "whaleyogurt.github.io/BetterSAM/dist/guessnum.esm.js",
        "whaleyogurt.github.io/BetterSAM/dist/guessnum.esm.min.js",
        "whaleyogurt.github.io/BetterSAM/dist/guessnum.esm.min.js.map",
        "whaleyogurt.github.io/BetterSAM/dist/guessnum.js",
        "whaleyogurt.github.io/BetterSAM/dist/guessnum.min.js",
        "whaleyogurt.github.io/BetterSAM/dist/guessnum.min.js.map",
        "whaleyogurt.github.io/BetterSAM/dist/samjs.common.js",
        "whaleyogurt.github.io/BetterSAM/dist/samjs.common.min.js",
        "whaleyogurt.github.io/BetterSAM/dist/samjs.common.min.js.map",
        "whaleyogurt.github.io/BetterSAM/dist/samjs.esm.js",
        "whaleyogurt.github.io/BetterSAM/dist/samjs.esm.min.js",
        "whaleyogurt.github.io/BetterSAM/dist/samjs.esm.min.js.map",
        "whaleyogurt.github.io/BetterSAM/dist/samjs.js",
        "whaleyogurt.github.io/BetterSAM/dist/samjs.min.js",
        "whaleyogurt.github.io/BetterSAM/dist/samjs.min.js.map",
        "whaleyogurt.github.io/BetterSAM/docs/manual.md",
        "whaleyogurt.github.io/BetterSAM/docs/sam.pdf",
        "whaleyogurt.github.io/BetterSAM/docs/downloads/GUESSNUM.BAS",
        "whaleyogurt.github.io/BetterSAM/docs/img/disk.jpg",
        "whaleyogurt.github.io/BetterSAM/docs/img/dontask.jpg",
        "whaleyogurt.github.io/BetterSAM/docs/img/littlesam.jpg",
        "whaleyogurt.github.io/BetterSAM/docs/img/samcover.jpg",
        "whaleyogurt.github.io/BetterSAM/src/guessnum.es6",
        "whaleyogurt.github.io/BetterSAM/src/index.es6",
        "whaleyogurt.github.io/BetterSAM/src/common/constants.es6",
        "whaleyogurt.github.io/BetterSAM/src/parser/adjust-lengths.es6",
        "whaleyogurt.github.io/BetterSAM/src/parser/constants.es6",
        "whaleyogurt.github.io/BetterSAM/src/parser/copy-stress.es6",
        "whaleyogurt.github.io/BetterSAM/src/parser/insert-breath.es6",
        "whaleyogurt.github.io/BetterSAM/src/parser/parse1.es6",
        "whaleyogurt.github.io/BetterSAM/src/parser/parse2.es6",
        "whaleyogurt.github.io/BetterSAM/src/parser/parser.es6",
        "whaleyogurt.github.io/BetterSAM/src/parser/prolong-plosive-stop-consonants.es6",
        "whaleyogurt.github.io/BetterSAM/src/parser/set-phoneme-length.es6",
        "whaleyogurt.github.io/BetterSAM/src/parser/tables.es6",
        "whaleyogurt.github.io/BetterSAM/src/parser/typehints.es6",
        "whaleyogurt.github.io/BetterSAM/src/parser/util.es6",
        "whaleyogurt.github.io/BetterSAM/src/parser/c-conv/parser.es6",
        "whaleyogurt.github.io/BetterSAM/src/parser/c-conv/tables.es6",
        "whaleyogurt.github.io/BetterSAM/src/reciter/constants.es6",
        "whaleyogurt.github.io/BetterSAM/src/reciter/reciter.es6",
        "whaleyogurt.github.io/BetterSAM/src/reciter/tables.es6",
        "whaleyogurt.github.io/BetterSAM/src/renderer/create-frames.es6",
        "whaleyogurt.github.io/BetterSAM/src/renderer/create-transitions.es6",
        "whaleyogurt.github.io/BetterSAM/src/renderer/output-buffer.es6",
        "whaleyogurt.github.io/BetterSAM/src/renderer/renderer.es6",
        "whaleyogurt.github.io/BetterSAM/src/renderer/set-mouth-throat.es6",
        "whaleyogurt.github.io/BetterSAM/src/renderer/tables.es6",
        "whaleyogurt.github.io/BetterSAM/src/sam/sam.es6",
        "whaleyogurt.github.io/BetterSAM/src/types/Uint16.es6",
        "whaleyogurt.github.io/BetterSAM/src/types/UInt8.es6",
        "whaleyogurt.github.io/BetterSAM/src/util/debug.es6",
        "whaleyogurt.github.io/BetterSAM/src/util/player.es6",
        "whaleyogurt.github.io/BetterSAM/src/util/util.es6",
        "whaleyogurt.github.io/BetterSAM/test/fixture-reader.js",
        "whaleyogurt.github.io/BetterSAM/test/index.spec.js",
        "whaleyogurt.github.io/BetterSAM/test/minimum-tests.spec.js",
        "whaleyogurt.github.io/BetterSAM/test/parser/parser-c.spec.js",
        "whaleyogurt.github.io/BetterSAM/test/parser/parser-vs-parser-c.spec.js",
        "whaleyogurt.github.io/BetterSAM/test/parser/parser1-testcase.js",
        "whaleyogurt.github.io/BetterSAM/test/parser/parser1.spec.js",
        "whaleyogurt.github.io/BetterSAM/test/parser/fixtures/parser1-1.json",
        "whaleyogurt.github.io/BetterSAM/test/reciter/reciter-testcase.js",
        "whaleyogurt.github.io/BetterSAM/test/reciter/regression.spec.js",
        "whaleyogurt.github.io/BetterSAM/test/reciter/tests-1.spec.js",
        "whaleyogurt.github.io/BetterSAM/test/reciter/tests-2.spec.js",
        "whaleyogurt.github.io/BetterSAM/test/reciter/tests-3.spec.js",
        "whaleyogurt.github.io/BetterSAM/test/reciter/tests-4.spec.js",
        "whaleyogurt.github.io/BetterSAM/test/reciter/c-conv/reciter.es6",
        "whaleyogurt.github.io/BetterSAM/test/reciter/c-conv/tables.es6",
        "whaleyogurt.github.io/BetterSAM/test/reciter/fixtures/&.json",
        "whaleyogurt.github.io/BetterSAM/test/reciter/fixtures/'.json",
        "whaleyogurt.github.io/BetterSAM/test/reciter/fixtures/1.json",
        "whaleyogurt.github.io/BetterSAM/test/reciter/fixtures/2.json",
        "whaleyogurt.github.io/BetterSAM/test/reciter/fixtures/3.json",
        "whaleyogurt.github.io/BetterSAM/test/reciter/fixtures/4.json",
        "whaleyogurt.github.io/BetterSAM/test/reciter/fixtures/5.json",
        "whaleyogurt.github.io/BetterSAM/test/reciter/fixtures/6.json",
        "whaleyogurt.github.io/BetterSAM/test/reciter/fixtures/7.json",
        "whaleyogurt.github.io/BetterSAM/test/reciter/fixtures/8.json",
        "whaleyogurt.github.io/BetterSAM/test/reciter/fixtures/9.json",
        "whaleyogurt.github.io/BetterSAM/test/reciter/fixtures/a.json",
        "whaleyogurt.github.io/BetterSAM/test/reciter/fixtures/b.json",
        "whaleyogurt.github.io/BetterSAM/test/reciter/fixtures/c-1.json",
        "whaleyogurt.github.io/BetterSAM/test/reciter/fixtures/c-2.json",
        "whaleyogurt.github.io/BetterSAM/test/reciter/fixtures/d.json",
        "whaleyogurt.github.io/BetterSAM/test/reciter/fixtures/e.json",
        "whaleyogurt.github.io/BetterSAM/test/reciter/fixtures/f.json",
        "whaleyogurt.github.io/BetterSAM/test/reciter/fixtures/g.json",
        "whaleyogurt.github.io/BetterSAM/test/reciter/fixtures/h.json",
        "whaleyogurt.github.io/BetterSAM/test/reciter/fixtures/i.json",
        "whaleyogurt.github.io/BetterSAM/test/reciter/fixtures/j.json",
        "whaleyogurt.github.io/BetterSAM/test/reciter/fixtures/k.json",
        "whaleyogurt.github.io/BetterSAM/test/reciter/fixtures/l.json",
        "whaleyogurt.github.io/BetterSAM/test/reciter/fixtures/m.json",
        "whaleyogurt.github.io/BetterSAM/test/reciter/fixtures/n.json",
        "whaleyogurt.github.io/BetterSAM/test/reciter/fixtures/o.json",
        "whaleyogurt.github.io/BetterSAM/test/reciter/fixtures/p-1.json",
        "whaleyogurt.github.io/BetterSAM/test/reciter/fixtures/p-2.json",
        "whaleyogurt.github.io/BetterSAM/test/reciter/fixtures/q.json",
        "whaleyogurt.github.io/BetterSAM/test/reciter/fixtures/r.json",
        "whaleyogurt.github.io/BetterSAM/test/reciter/fixtures/regression.json",
        "whaleyogurt.github.io/BetterSAM/test/reciter/fixtures/s-1.json",
        "whaleyogurt.github.io/BetterSAM/test/reciter/fixtures/s-2.json",
        "whaleyogurt.github.io/BetterSAM/test/reciter/fixtures/s-3.json",
        "whaleyogurt.github.io/BetterSAM/test/reciter/fixtures/t.json",
        "whaleyogurt.github.io/BetterSAM/test/reciter/fixtures/u.json",
        "whaleyogurt.github.io/BetterSAM/test/reciter/fixtures/v.json",
        "whaleyogurt.github.io/BetterSAM/test/reciter/fixtures/w.json",
        "whaleyogurt.github.io/BetterSAM/test/reciter/fixtures/x.json",
        "whaleyogurt.github.io/BetterSAM/test/reciter/fixtures/y.json",
        "whaleyogurt.github.io/BetterSAM/test/reciter/fixtures/z.json",
        "whaleyogurt.github.io/BetterSAM/test/renderer/c-conv/renderer.es6",
        "whaleyogurt.github.io/BetterSAM/test/renderer/c-conv/tables.es6",
        "whaleyogurt.github.io/BetterSAM/test/renderer/fixtures/tests-1.json",
        "whaleyogurt.github.io/Files/Copium.json",
        "whaleyogurt.github.io/Files/data.json",
        "whaleyogurt.github.io/Files/Heart Rate Data All.xlsx",
        "whaleyogurt.github.io/Files/AppInventor/CeasarCipher/CaesarCipherTemplate.aab",
        "whaleyogurt.github.io/Files/AppInventor/CeasarCipher/CaesarCipherTemplate.aia",
        "whaleyogurt.github.io/Files/AppInventor/CeasarCipher/CaesarCipherTemplate.apk",
        "whaleyogurt.github.io/Files/AppInventor/CreateTaskS1/Phone.aab",
        "whaleyogurt.github.io/Files/AppInventor/CreateTaskS1/Phone.aia",
        "whaleyogurt.github.io/Files/AppInventor/CreateTaskS1/Phone.apk",
        "whaleyogurt.github.io/Files/AppInventor/CreateTaskS2/Ceasar_Cipher_Cracker.aab",
        "whaleyogurt.github.io/Files/AppInventor/CreateTaskS2/Ceasar_Cipher_Cracker.aia",
        "whaleyogurt.github.io/Files/AppInventor/CreateTaskS2/Ceasar_Cipher_Cracker.apk",
        "whaleyogurt.github.io/Files/AudioFiles/BreakingBadIntro.mp3",
        "whaleyogurt.github.io/Files/AudioFiles/Disclaimer.wav",
        "whaleyogurt.github.io/Files/GameFiles/Basic Calc Lite (x86).exe",
        "whaleyogurt.github.io/Files/GameFiles/MissileSim-ZIP.zip",
        "whaleyogurt.github.io/Files/GameFiles/MissileSim-Raw/EXAMPLE-Missile.png",
        "whaleyogurt.github.io/Files/GameFiles/MissileSim-Raw/MissileSim.lnk",
        "whaleyogurt.github.io/Files/GameFiles/MissileSim-Raw/READ ME.txt",
        "whaleyogurt.github.io/Files/GameFiles/MissileSim-Raw/ProgramFiles/AppIcon.ico",
        "whaleyogurt.github.io/Files/GameFiles/MissileSim-Raw/ProgramFiles/data.csv",
        "whaleyogurt.github.io/Files/GameFiles/MissileSim-Raw/ProgramFiles/main.exe",
        "whaleyogurt.github.io/Files/Images/16GB.png",
        "whaleyogurt.github.io/Files/Images/2056GB.png",
        "whaleyogurt.github.io/Files/Images/4GB.png",
        "whaleyogurt.github.io/Files/Images/8GB.png",
        "whaleyogurt.github.io/Files/Images/AvaPlot.png",
        "whaleyogurt.github.io/Files/Images/Fist Icon.bmp",
        "whaleyogurt.github.io/Files/Images/FREE RAM QR CODE.png",
        "whaleyogurt.github.io/Files/Images/icon.png",
        "whaleyogurt.github.io/Files/Images/Jaws.jpg",
        "whaleyogurt.github.io/Files/RawExeFiles/16GB.exe",
        "whaleyogurt.github.io/Files/RawExeFiles/2056GB.exe",
        "whaleyogurt.github.io/Files/RawExeFiles/4GB.exe",
        "whaleyogurt.github.io/Files/RawExeFiles/8GB.exe",
        "whaleyogurt.github.io/Files/RawExeFiles/fah-installer_7.6.21_x86.exe",
        "whaleyogurt.github.io/Files/RawExeFiles/Waltha.exe",
        "whaleyogurt.github.io/Files/ZIP/16GB.zip",
        "whaleyogurt.github.io/Files/ZIP/4GB.zip",
        "whaleyogurt.github.io/Files/ZIP/8GB.zip",
        "whaleyogurt.github.io/JavaScript/script.js",
        "whaleyogurt.github.io/Notes/Ch 10.1 Notes.docx",
        "whaleyogurt.github.io/Notes/Ch 10.2 Notes.docx",
        "whaleyogurt.github.io/Notes/Ch 12.1 Notes.docx",
        "whaleyogurt.github.io/Notes/Ch 13.1 Notes.docx",
        "whaleyogurt.github.io/Notes/Ch 13.2 Notes.docx",
        "whaleyogurt.github.io/Notes/Ch 13.3 Last.docx",
        "whaleyogurt.github.io/Notes/Ch 13.3 Notes through Slide #31.docx",
        "whaleyogurt.github.io/Notes/Ch 13.3 Notes.zip",
        "whaleyogurt.github.io/Notes/Ch 13.3 through Slide 22#.docx",
        "whaleyogurt.github.io/Notes/Ch 13.3 through Slide 22^N.docx",
        "whaleyogurt.github.io/Notes/Ch 13.4 Notes.docx",
        "whaleyogurt.github.io/Notes/Ch 14.1 Notes.docx",
        "whaleyogurt.github.io/Notes/Ch 14.3 Notes.docx",
        "whaleyogurt.github.io/Notes/Ch 14.4 Notes.docx",
        "whaleyogurt.github.io/Notes/Ch 17.1 Notes.docx",
        "whaleyogurt.github.io/Notes/Ch 17.2 Notes.docx",
        "whaleyogurt.github.io/Notes/Ch 17.3 Notes.docx",
        "whaleyogurt.github.io/Notes/Ch 17.4 Notes.docx",
        "whaleyogurt.github.io/Notes/Ch 22.1 Notes.docx",
        "whaleyogurt.github.io/Notes/Ch 22.2 Notes.docx",
        "whaleyogurt.github.io/Notes/Ch 22.3 Notes.docx",
        "whaleyogurt.github.io/Notes/Ch 23.1 Notes.docx",
        "whaleyogurt.github.io/Notes/Ch 23.2 Notes.docx",
        "whaleyogurt.github.io/Notes/Ch 23.3 Notes.docx",
        "whaleyogurt.github.io/Notes/Ch 23.4 Notes.docx",
        "whaleyogurt.github.io/Notes/Ch 41.1 Notes.docx",
        "whaleyogurt.github.io/Notes/Ch 41.2 Notes.docx",
        "whaleyogurt.github.io/Notes/Ch 41.3 Notes.docx",
        "whaleyogurt.github.io/Notes/Ch 42.2 Notes.docx",
        "whaleyogurt.github.io/Notes/Ch 42.3 Notes.docx",
        "whaleyogurt.github.io/Notes/Ch 42.4 Notes.docx",
        "whaleyogurt.github.io/Notes/Ch 42.5 Notes.docx",
        "whaleyogurt.github.io/Notes/Ch 42.6 Notes.docx",
        "whaleyogurt.github.io/Notes/Ch 43.1 Notes.docx",
        "whaleyogurt.github.io/Notes/Ch 43.2 Notes.docx",
        "whaleyogurt.github.io/Notes/Ch 43.3 Notes .docx",
        "whaleyogurt.github.io/Notes/Ch 6.1 Notes.docx",
        "whaleyogurt.github.io/Notes/Ch 6.2 Notes.docx",
        "whaleyogurt.github.io/Notes/Ch 6.3 Notes.docx",
        "whaleyogurt.github.io/Notes/Ch 6.4 Notes.docx",
        "whaleyogurt.github.io/Notes/Ch 6.5 Notes.docx",
        "whaleyogurt.github.io/Notes/Ch 6.6 Notes.docx",
        "whaleyogurt.github.io/Notes/Ch 6.7 Notes.docx",
        "whaleyogurt.github.io/Notes/Ch 7.1 and 7.2 Notes.docx",
        "whaleyogurt.github.io/Notes/Ch 7.3 Notes.docx",
        "whaleyogurt.github.io/Notes/Ch 7.4 Notes.docx",
        "whaleyogurt.github.io/Notes/Ch 7.5 Notes.docx",
        "whaleyogurt.github.io/Notes/Ch 9.1 Notes.docx",
        "whaleyogurt.github.io/Notes/Ch 9.2 Notes.docx",
        "whaleyogurt.github.io/Notes/Ch 9.3 Notes.docx",
        "whaleyogurt.github.io/Notes/Ch 9.4 Notes.docx",
        "whaleyogurt.github.io/Notes/Ch 9.5 Notes.docx",
        "whaleyogurt.github.io/Notes/Everything.zip",
        "whaleyogurt.github.io/Notes/Vocab Word Bank Semester 1.docx",
        "whaleyogurt.github.io/Notes-Organized/Ch 10/Ch 10.1 Notes.docx",
        "whaleyogurt.github.io/Notes-Organized/Ch 10/Ch 10.2 Notes.docx",
        "whaleyogurt.github.io/Notes-Organized/Ch 12/Ch 12.1 Notes.docx",
        "whaleyogurt.github.io/Notes-Organized/Ch 13/Ch 13.1 Notes.docx",
        "whaleyogurt.github.io/Notes-Organized/Ch 13/Ch 13.2 Notes.docx",
        "whaleyogurt.github.io/Notes-Organized/Ch 13/Ch 13.3 Last.docx",
        "whaleyogurt.github.io/Notes-Organized/Ch 13/Ch 13.3 Notes through Slide #31.docx",
        "whaleyogurt.github.io/Notes-Organized/Ch 13/Ch 13.3 Notes.zip",
        "whaleyogurt.github.io/Notes-Organized/Ch 13/Ch 13.3 through Slide 22#.docx",
        "whaleyogurt.github.io/Notes-Organized/Ch 13/Ch 13.3 through Slide 22^N.docx",
        "whaleyogurt.github.io/Notes-Organized/Ch 13/Ch 13.4 Notes.docx",
        "whaleyogurt.github.io/Notes-Organized/Ch 14/Ch 14.1 Notes.docx",
        "whaleyogurt.github.io/Notes-Organized/Ch 14/Ch 14.3 Notes.docx",
        "whaleyogurt.github.io/Notes-Organized/Ch 14/Ch 14.4 Notes.docx",
        "whaleyogurt.github.io/Notes-Organized/Ch 17/Ch 17.1 Notes.docx",
        "whaleyogurt.github.io/Notes-Organized/Ch 17/Ch 17.2 Notes.docx",
        "whaleyogurt.github.io/Notes-Organized/Ch 17/Ch 17.3 Notes.docx",
        "whaleyogurt.github.io/Notes-Organized/Ch 17/Ch 17.4 Notes.docx",
        "whaleyogurt.github.io/Notes-Organized/Ch 22/Ch 22.1 Notes.docx",
        "whaleyogurt.github.io/Notes-Organized/Ch 22/Ch 22.2 Notes.docx",
        "whaleyogurt.github.io/Notes-Organized/Ch 22/Ch 22.3 Notes.docx",
        "whaleyogurt.github.io/Notes-Organized/Ch 22/Ch 23.1 Notes.docx",
        "whaleyogurt.github.io/Notes-Organized/Ch 22/Ch 23.2 Notes.docx",
        "whaleyogurt.github.io/Notes-Organized/Ch 22/Ch 23.3 Notes.docx",
        "whaleyogurt.github.io/Notes-Organized/Ch 22/Ch 23.4 Notes.docx",
        "whaleyogurt.github.io/Notes-Organized/Ch 41/Ch 41.1 Notes.docx",
        "whaleyogurt.github.io/Notes-Organized/Ch 41/Ch 41.2 Notes.docx",
        "whaleyogurt.github.io/Notes-Organized/Ch 41/Ch 41.3 Notes.docx",
        "whaleyogurt.github.io/Notes-Organized/Ch 42/Ch 42.2 Notes.docx",
        "whaleyogurt.github.io/Notes-Organized/Ch 42/Ch 42.3 Notes.docx",
        "whaleyogurt.github.io/Notes-Organized/Ch 42/Ch 42.4 Notes.docx",
        "whaleyogurt.github.io/Notes-Organized/Ch 42/Ch 42.5 Notes.docx",
        "whaleyogurt.github.io/Notes-Organized/Ch 42/Ch 42.6 Notes.docx",
        "whaleyogurt.github.io/Notes-Organized/Ch 43/Ch 43.1 Notes.docx",
        "whaleyogurt.github.io/Notes-Organized/Ch 43/Ch 43.2 Notes.docx",
        "whaleyogurt.github.io/Notes-Organized/Ch 43/Ch 43.3 Notes .docx",
        "whaleyogurt.github.io/Notes-Organized/Ch 45/Ch 45.1 Notes.docx",
        "whaleyogurt.github.io/Notes-Organized/Ch 45/Ch 45.2 Notes.docx",
        "whaleyogurt.github.io/Notes-Organized/Ch 45/Ch 45.3 Notes.docx",
        "whaleyogurt.github.io/Notes-Organized/Ch 46/Ch 46.1 Notes.docx",
        "whaleyogurt.github.io/Notes-Organized/Ch 46/Ch 46.2 Notes.docx",
        "whaleyogurt.github.io/Notes-Organized/Ch 46/Ch 46.3 Notes.docx",
        "whaleyogurt.github.io/Notes-Organized/Ch 6/Ch 6.1 Notes.docx",
        "whaleyogurt.github.io/Notes-Organized/Ch 6/Ch 6.2 Notes.docx",
        "whaleyogurt.github.io/Notes-Organized/Ch 6/Ch 6.3 Notes.docx",
        "whaleyogurt.github.io/Notes-Organized/Ch 6/Ch 6.4 Notes.docx",
        "whaleyogurt.github.io/Notes-Organized/Ch 6/Ch 6.5 Notes.docx",
        "whaleyogurt.github.io/Notes-Organized/Ch 6/Ch 6.6 Notes.docx",
        "whaleyogurt.github.io/Notes-Organized/Ch 6/Ch 6.7 Notes.docx",
        "whaleyogurt.github.io/Notes-Organized/Ch 7/Ch 7.1 and 7.2 Notes.docx",
        "whaleyogurt.github.io/Notes-Organized/Ch 7/Ch 7.3 Notes.docx",
        "whaleyogurt.github.io/Notes-Organized/Ch 7/Ch 7.4 Notes.docx",
        "whaleyogurt.github.io/Notes-Organized/Ch 7/Ch 7.5 Notes.docx",
        "whaleyogurt.github.io/Notes-Organized/Ch 9/Ch 9.1 Notes.docx",
        "whaleyogurt.github.io/Notes-Organized/Ch 9/Ch 9.2 Notes.docx",
        "whaleyogurt.github.io/Notes-Organized/Ch 9/Ch 9.3 Notes.docx",
        "whaleyogurt.github.io/Notes-Organized/Ch 9/Ch 9.4 Notes.docx",
        "whaleyogurt.github.io/Notes-Organized/Ch 9/Ch 9.5 Notes.docx",
        "whaleyogurt.github.io/Notes-Organized/Misc/Bio Notes Template.docx",
        "whaleyogurt.github.io/Notes-Organized/Misc/Everything.zip",
        "whaleyogurt.github.io/Notes-Organized/Misc/Vocab Word Bank Semester 1.docx",
        "whaleyogurt.github.io/Pages/AdvancedHonorsBiologyNotes.html",
        "whaleyogurt.github.io/Pages/APCSP_Apps.html",
        "whaleyogurt.github.io/Pages/data.html",
        "whaleyogurt.github.io/Pages/FreeRAM.html",
        "whaleyogurt.github.io/Pages/JS_Test.html",
        "whaleyogurt.github.io/Pages/MaddieHatesSharks.html",
        "whaleyogurt.github.io/Pages/RandomColor.html",
        "whaleyogurt.github.io/Pages/Survey.html",
        "whaleyogurt.github.io/Pages/tabBomb.html",
        "whaleyogurt.github.io/Pages/TestGameDownloads.html",
        "whaleyogurt.github.io/Pages/TestSite.html",
        "whaleyogurt.github.io/Pages/WebsiteTutorial.html",
        "whaleyogurt.github.io/Pages/CSS/style.css",
        "whaleyogurt.github.io/Pages/CSS/table.css"
    ]
}